ID,Carimbo de data/hora,Há quanto tempo sua loja funciona nesta região? ,Quantos funcionários trabalham na loja?  ,Como a maioria dos seus clientes chega à loja?  ,A falta de estacionamento perto da loja atrapalha as vendas?  ,Você já percebeu clientes desistindo da compra por dificuldade de acesso?  ," Desde a mudança recente na circulação de veículos, o movimento da loja ficou:  ","Desde a mudança recente na circulação de veículos, o faturamento ficou:  "," Se o faturamento caiu, aproximadamente quanto?  ",Como estão as entregas e o recebimento de mercadorias desde a mudança?  ," Se a rua tivesse menos carros e motos no futuro, o efeito sobre a loja seria:  "," Para uma rua com menos carros funcionar bem para sua loja, o que seria mais importante?  ",Gostaria de acrescentar alguma sugestão ou comentário?  ,Há quanto tempo você trabalha aqui? ,Quantas barracas você mantém aqui?  ,Seu ponto costuma ser,Em que horário você costuma trabalhar?  ,Como está o movimento de pessoas para o seu trabalho hoje?,"Desde a mudança recente na circulação de veículos, o movimento de clientes ficou","Desde a mudança recente na circulação de veículos, suas vendas ficaram:",O que mais dificulta trabalhar aqui?,Os carros e motos atrapalham sua atividade?,Você consegue repor ou transportar seus produtos com facilidade?  ,"Se a rua tivesse menos carros e motos no futuro, seu trabalho ficaria",O que ajudaria mais o seu trabalho?  ,Gostaria de acrescentar alguma sugestão ou comentário?  ,Há quanto tempo você trabalha nesta região?,Quantas horas por dia você costuma ficar aqui?,A falta de estacionamento ou a dificuldade de chegar de carro ou moto atrapalha seu trabalho?  ,Como é andar pelas calçadas durante o trabalho?  ,Você já precisou andar pela rua por causa da calçada?,"Pensando nos carros e motos, como é circular a pé durante o trabalho?",A mudança recente na circulação de veículos neste trecho afetou sua chegada ou rotina de trabalho?  ,"Se a rua tivesse menos carros e motos no futuro, seu trabalho",O que deveria melhorar primeiro para quem trabalha aqui?  ,Gostaria de acrescentar alguma sugestão ou comentário?  
1,26/09/2026 10:19:51,,,,,,,,,,,,,Menos de 1 ano,1,Fixo,Manhã e tarde,Normal,Não consigo comparar,Não consigo comparar,Calor / falta de sombra,Não atrapalham,,Melhor,Sombra,,,,,,,,,,,
2,26/09/2026 10:21:18,,,,,,,,,,,,,Mais de 5 anos,1,Móvel,Manhã e tarde,Normal,Menor,Menores,Calor / falta de sombra,Não atrapalham,Sempre,Pior,Local organizado para ambulantes,Arvore retirada que fazia sombreamento e agora o calor é maior,,,,,,,,,,
3,26/09/2026 10:28:26,,,,,,,,,,,,,Mais de 5 anos,2,Fixo,Manhã e tarde,Baixo,Muito menor,Muito menores,Calor / falta de sombra,Não atrapalham,Sempre,Melhor,Sombra,Sugestão de banheiro ,,,,,,,,,,
4,26/09/2026 10:30:09,Mais de 5 anos,20 ou mais,Carro,Muito,Frequentemente,Muito menor,Muito menor,26% a 50%,Mais difíceis,Aumentaria as vendas,Estacionamento próximo,Enfatizar necessidade de estacionamento ,,,,,,,,,,,,,,3 a 5 anos,4 a 8 horas,Muito,1,Sim,1,Não mudou,Não mudaria,Sombra e conforto,
5,26/09/2026 10:31:30,,,,,,,,,,,,,Mais de 5 anos,1,Fixo,Manhã e tarde,Normal,Igual,Iguais,Calçadas / obstáculos,Muito,Sempre,Melhor,Local organizado para ambulantes,,,,,,,,,,,
6,26/09/2026 10:36:17,Mais de 5 anos,20 ou mais,Carro,Muito,Frequentemente,Muito menor,Menor,11% a 25%,Mais difíceis,Diminuiria as vendas,Estacionamento próximo,,,,,,,,,,,,,,,,,,,,,,,,
7,26/09/2026 10:37:54,,,,,,,,,,,,,Mais de 5 anos,1,Fixo,Manhã e tarde,Normal,Igual,Iguais,Calor / falta de sombra,Não atrapalham,Sempre,Igual,Sombra,,,,,,,,,,,
8,26/09/2026 10:38:16,,,,,,,,,,,,,,,,,,,,,,,,,,Mais de 5 anos,Mais de 8 horas,Não atrapalha,5,Sim,1,Não mudou,,Calçadas,"
Por ele fecha a rua, nao deixa carro nem moto passar, limpar a calçada e foco na manutenção da limpeza. Incentiva a segurança pública para os comerciantes poderem trabalhar até as 22h (melhorar iluminação, segurança) para que se transforme em um ponto turístico e pessoas que trabalham até tarde, tambem possam vir comprar"
9,26/09/2026 10:40:21,Mais de 5 anos,4 a 9,A pé,Não atrapalha,Raramente,Muito menor,Muito menor,11% a 25%,Iguais,Não mudaria,Embarque e desembarque,,,,,,,,,,,,,,,,,,,,,,,,
10,26/09/2026 10:40:55,,,,,,,,,,,,,Mais de 5 anos,1,Móvel,Manhã e tarde,Muito baixo,Muito menor,Muito menores,Calor / falta de sombra,Não atrapalham,Raramente,Igual,Mais organização da circulação,,,,,,,,,,,
11,26/09/2026 10:41:25,1 a 3 anos,1 a 3,A pé,Não sei,Não sei,Muito menor,Muito menor,11% a 25%,Iguais,Não sei,Embarque e desembarque,,,,,,,,,,,,,,,,,,,,,,,,
12,26/09/2026 10:42:36,3 a 5 anos,4 a 9,A pé,Um pouco,Não sei,Muito menor,Muito menor,Não sei / não se aplica,Mais difíceis,Diminuiria as vendas,Embarque e desembarque,,,,,,,,,,,,,,,,,,,,,,,,
13,26/09/2026 10:43:17,Mais de 5 anos,4 a 9,Carro,Muito,Frequentemente,Menor,Muito menor,26% a 50%,Mais fáceis,Aumentaria as vendas,Estacionamento próximo,,,,,,,,,,,,,,,,,,,,,,,,
14,26/09/2026 10:44:15,,,,,,,,,,,,,Mais de 5 anos,2,Fixo,Manhã e tarde,Muito alto,Menor,Muito menores,,Não atrapalham,Sempre,Igual,Mais espaço para pedestres,Incluir banheiro para o público ,,,,,,,,,,
15,26/09/2026 10:46:17,Mais de 5 anos,20 ou mais,Ônibus,Muito,Frequentemente,Menor,Menor,11% a 25%,Mais difíceis,Aumentaria as vendas,Todas,,Mais de 5 anos,,,,,,,,,,,,,,,,,,,,,,
16,26/09/2026 10:49:26,,,,,,,,,,,,,Mais de 5 anos,2,Fixo,Manhã e tarde,Muito baixo,Igual,Iguais,Falta de espaço,Não atrapalham,Raramente,Não sei,Local organizado para ambulantes,,,,,,,,,,,
17,26/09/2026 10:49:29,,,,,,,,,,,,,1 a 3 anos,1,Fixo,Manhã e tarde,Muito baixo,Muito menor,Muito menores,Calçadas / obstáculos,Não atrapalham,Sempre,Pior,Local organizado para ambulantes,,,,,,,,,,,
18,26/09/2026 10:50:23,Mais de 5 anos,4 a 9,Ônibus,Muito,Frequentemente,Muito menor,Muito menor,26% a 50%,Não mudou,Aumentaria as vendas,Calçadas e ambulantes ,O sonho de ver a infraestrutura no comércio ,,,,,,,,,,,,,,,,,,,,,,,
19,26/09/2026 10:54:05,Mais de 5 anos,4 a 9,Aplicativo / táxi,Muito,Frequentemente,Menor,Menor,11% a 25%,Mais difíceis,Aumentaria as vendas,Estacionamento próximo,,,,,,,,,,,,,,,,,,,,,,,,
20,26/09/2026 10:56:12,,,,,,,,,,,,,3 a 5 anos,1,Fixo,Manhã e tarde,Muito baixo,Menor,Menores,Falta de espaço,Muito,Sempre,Melhor,Mais espaço para pedestres,,,,,,,,,,,
21,26/09/2026 10:59:38,,,,,,,,,,,,,Mais de 5 anos,1,Fixo,Manhã e tarde,Muito baixo,Muito menor,Muito menores,Calor / falta de sombra,Não atrapalham,Nunca,Pior,Mais organização da circulação,Abrisse a rua e melhorasse a circulação e organizasse. ,,,,,,,,,,
22,26/09/2026 11:00:56,,,,,,,,,,,,,Mais de 5 anos,1,Fixo,Manhã e tarde,Baixo,Igual,Iguais,Calor / falta de sombra,Não atrapalham,Sempre,Melhor,Mais espaço para pedestres,,,,,,,,,,,
23,26/09/2026 11:01:12,Mais de 5 anos,20 ou mais,Ônibus,Muito,Frequentemente,Muito menor,Muito menor,Mais de 50%,Mais difíceis,Aumentaria as vendas,Infraestrutura,,,,,,,,,,,,,,,,,,,,,,,,
24,26/09/2026 11:02:48,Mais de 5 anos,20 ou mais,Carro,Muito,Frequentemente,Menor,Menor,11% a 25%,Mais fáceis,Aumentaria as vendas,Estacionamento próximo,Segurança mais eficaz ,,,,,,,,,,,,,,,,,,,,,,,
25,26/09/2026 11:03:21,Mais de 5 anos,1 a 3,A pé,Um pouco,Às vezes,Muito menor,Menor,26% a 50%,Mais difíceis,Não mudaria,Acesso para entregas,E embarque e desembarque seria bom também e a organização dos ambulantes ,,,,,,,,,,,,,,,,,,,,,,,
26,26/09/2026 11:06:10,,,,,,,,,,,,,,,,,,,,,,,,,,Menos de 1 ano,4 a 8 horas,Um pouco,1,Sim,5,Não mudou,Pioraria,Estacionamento,
27,26/09/2026 11:06:46,,,,,,,,,,,,,Mais de 5 anos,1,Fixo,Manhã e tarde,Baixo,Menor,Menores,Calor / falta de sombra,Não atrapalham,Sempre,Pior,Mais organização da circulação,,,,,,,,,,,
28,26/09/2026 11:07:43,3 a 5 anos,1 a 3,Carro,Muito,Frequentemente,Muito menor,Muito menor,Mais de 50%,Iguais,Diminuiria as vendas,Estacionamento próximo,,,,,,,,,,,,,,,,,,,,,,,,
29,26/09/2026 11:08:55,Mais de 5 anos,10 a 19,Ônibus,Muito,Frequentemente,Muito menor,Menor,11% a 25%,Mais difíceis,Aumentaria as vendas,Embarque e desembarque,"Solicita que resolva a interdição da rua , pois hoje atrapalha muito ",,,,,,,,,,,,,,,,,,,,,,,
30,26/09/2026 11:10:33,,,,,,,,,,,,,,,,,,,,,,,,,,1 a 3 anos,4 a 8 horas,Não atrapalha,5,Sim,3,Não mudou,Melhoraria,Acesso de clientes,
31,26/09/2026 11:11:16,Mais de 5 anos,4 a 9,A pé,Muito,Frequentemente,Muito menor,Muito menor,Mais de 50%,Iguais,Aumentaria as vendas,Estacionamento próximo,Ajeitem logo o prédio histórico. ,,,,,,,,,,,,,,,,,,,,,,,
32,26/09/2026 11:11:29,,,,,,,,,,,,,Mais de 5 anos,1,Fixo,Manhã e tarde,Baixo,Menor,Menores,Calor / falta de sombra,Não atrapalham,Sempre,Igual,Mais organização da circulação,,,,,,,,,,,
33,26/09/2026 11:14:01,Mais de 5 anos,4 a 9,Ônibus,Muito,Frequentemente,Muito menor,Muito menor,26% a 50%,Mais difíceis,Aumentaria as vendas,Todos,,,,,,,,,,,,,,,,,,,,,,,,
34,26/09/2026 11:14:22,,,,,,,,,,,,,Mais de 5 anos,1,Fixo,Manhã e tarde,Baixo,Menor,Menores,Calor / falta de sombra,Não atrapalham,Sempre,Pior,Local organizado para ambulantes,,,,,,,,,,,
35,26/09/2026 11:15:45,Mais de 5 anos,20 ou mais,Aplicativo / táxi,Um pouco,Frequentemente,Muito menor,Menor,26% a 50%,Mais difíceis,Não mudaria,Acesso para aplicativo / táxi, E embarque e desembarque e falta de segurança ,,,,,,,,,,,,,,,,,,,,,,,
36,26/09/2026 11:18:49,Mais de 5 anos,10 a 19,Ônibus,Um pouco,Frequentemente,Menor,Menor,Não sei / não se aplica,Mais difíceis,Aumentaria as vendas,Todos,,,,,,,,,,,,,,,,,,,,,,,,
37,26/09/2026 11:21:53,,,,,,,,,,,,,3 a 5 anos,2,Fixo,Manhã e tarde,Muito baixo,Muito menor,Muito menores,Calçadas / obstáculos,Não atrapalham,Raramente,Melhor,Local organizado para ambulantes,,,,,,,,,,,
38,26/09/2026 11:22:50,,,,,,,,,,,,,,,,,,,,,,,,,,1 a 3 anos,Mais de 8 horas,Um pouco,1,Sim,4,Dificultou,Melhoraria,Organização da circulação,
39,26/09/2026 11:23:43,Mais de 5 anos,10 a 19,Aplicativo / táxi,Não atrapalha,Às vezes,Menor,Menor,Não sei / não se aplica,Mais difíceis,Aumentaria as vendas,Todas,Resolver fechamento da via  aumentou a insegurança ,,,,,,,,,,,,,,,,,,,,,,,
40,26/09/2026 11:24:26,,,,,,,,,,,,,Menos de 1 ano,1,Móvel,Manhã e tarde,Normal,Menor,Menores,Carros e motos,Um pouco,Às vezes,Melhor,Sombra,,,,,,,,,,,
41,26/09/2026 11:26:40,,,,,,,,,,,,,,,,,,,,,,,,,,Menos de 1 ano,4 a 8 horas,Muito,1,Sim,1,Dificultou,Melhoraria,Acesso de clientes,
42,26/09/2026 11:27:50,,,,,,,,,,,,,,,,,,,,,,,,,,3 a 5 anos,4 a 8 horas,Um pouco,5,Sim,3,Dificultou,Pioraria,Melhor acesso ao transporte público,
43,26/09/2026 11:28:32,Mais de 5 anos,10 a 19,Aplicativo / táxi,Muito,Frequentemente,Muito menor,Muito menor,26% a 50%,Mais difíceis,Aumentaria as vendas,Todas,,,,,,,,,,,,,,,,,,,,,,,,
44,26/09/2026 11:29:51,,,,,,,,,,,,,,,,,,,,,,,,,,1 a 3 anos,Mais de 8 horas,Muito,1,,4,Dificultou,Não mudaria,Organização da circulação,
45,26/09/2026 11:31:42,,,,,,,,,,,,,Mais de 5 anos,1,Fixo,Manhã e tarde,Normal,Muito menor,Muito menores,Carros e motos,Muito,Sempre,Melhor,Mais organização da circulação,,,,,,,,,,,
46,26/09/2026 11:34:04,,,,,,,,,,,,,Mais de 5 anos,1,Fixo,Manhã e tarde,Normal,Maior,Maiores,Calçadas / obstáculos,Não atrapalham,Sempre,Igual,Local organizado para ambulantes,,,,,,,,,,,
47,26/09/2026 11:34:27,Mais de 5 anos,1 a 3,Aplicativo / táxi,Muito,Frequentemente,Muito menor,Muito menor,26% a 50%,Não mudou,Diminuiria as vendas,,,,,,,,,,,,,,,,,,,,,,,,,
48,26/09/2026 11:34:39,1 a 3 anos,1 a 3,A pé,Não atrapalha,Nunca,Muito menor,Menor,11% a 25%,Iguais,Aumentaria as vendas,Estacionamento próximo,,,,,,,,,,,,,,,,,,,,,,,,
49,26/09/2026 11:35:11,Mais de 5 anos,4 a 9,Ônibus,Não atrapalha,Raramente,Menor,Menor,26% a 50%,Não mudou,Diminuiria as vendas,Embarque e desembarque,As motos trafegarem pelas calçadas é um transtorno e acesso rápido lojas de carros afetou ,,,,,,,,,,,,,,,,,,,,,,,
50,26/09/2026 11:37:17,,,,,,,,,,,,,Mais de 5 anos,1,Fixo,Manhã,Normal,Maior,Maiores,Carros e motos,Um pouco,Sempre,Melhor,Mais espaço para pedestres,,,,,,,,,,,
51,26/09/2026 11:38:27,1 a 3 anos,1 a 3,Ônibus,Muito,Frequentemente,Muito menor,Muito menor,Não sei / não se aplica,Mais difíceis,Aumentaria as vendas,Todas,Resolução da estrutura ,,,,,,,,,,,,,,,,,,,,,,,
52,26/09/2026 11:39:13,,,,,,,,,,,,,,,,,,,,,,,,,,Mais de 5 anos,4 a 8 horas,Muito,1,Sim,1,Não mudou,Melhoraria,Organização da circulação,Reformar geral desde logística até circulação. 
53,26/09/2026 11:41:16,3 a 5 anos,4 a 9,A pé,Muito,Às vezes,Menor,Menor,Até 10%,Mais difíceis,Diminuiria as vendas,Estacionamento próximo,Cliente reclama da falta de estacionamento.,,,,,,,,,,,,,,,,,,,,,,,
54,26/09/2026 11:51:35,Mais de 5 anos,10 a 19,Aplicativo / táxi,Muito,Frequentemente,Muito menor,Muito menor,26% a 50%,Mais difíceis,Aumentaria as vendas,Todos,"Banheiro, lixeira",,,,,,,,,,,,,,,,,,,,,,,
55,26/09/2026 11:53:40,,,,,,,,,,,,,3 a 5 anos,1,Fixo,Manhã e tarde,Muito baixo,Menor,Muito menores,Calor / falta de sombra,Não atrapalham,Sempre,Melhor,Mais organização da circulação,,,,,,,,,,,
56,26/09/2026 11:57:42,,,,,,,,,,,,,,,,,,,,,,,,,,Mais de 5 anos,Mais de 8 horas,Não atrapalha,1,Sim,1,Não mudou,Melhoraria,Calçadas,"ter mais segurança, arrumar as calçadas, os camelos "
57,26/09/2026 11:57:52,,,,,,,,,,,,,Mais de 5 anos,1,Fixo,Manhã e tarde,Baixo,Menor,Menores,Carros e motos,Não atrapalham,Sempre,Melhor,Mais espaço para pedestres,,,,,,,,,,,
58,26/09/2026 11:58:02,,,,,,,,,,,,,,,,,,,,,,,,,,Mais de 5 anos,4 a 8 horas,Um pouco,3,Sim,2,Não mudou,Pioraria,Acesso de clientes,
59,26/09/2026 12:03:23,Mais de 5 anos,20 ou mais,Ônibus,Não atrapalha,Nunca,Menor,Menor,Mais de 50%,Iguais,Aumentaria as vendas,Reorganizar do sistemas viario com vias abertas e outras fechadas,,,,,,,,,,,,,,,,,,,,,,,,
60,26/09/2026 12:12:53,,,,,,,,,,,,,Mais de 5 anos,1,Fixo,Manhã e tarde,Normal,Igual,Iguais,Calor / falta de sombra,Muito,Sempre,Melhor,Local organizado para ambulantes,,,,,,,,,,,
61,26/09/2026 12:16:56,,,,,,,,,,,,,,,,,,,,,,,,,,Menos de 1 ano,4 a 8 horas,Não atrapalha,1,Sim,1,Não mudou,Não mudaria,Organização da circulação,
62,26/09/2026 12:18:22,,,,,,,,,,,,,,,,,,,,,,,,,,Mais de 5 anos,4 a 8 horas,Um pouco,1,Sim,1,Não mudou,Não mudaria,Melhor acesso ao transporte público,
63,26/09/2026 12:20:22,,,,,,,,,,,,,,,,,,,,,,,,,,Menos de 1 ano,4 a 8 horas,Muito,1,Sim,,Dificultou,Melhoraria,Estacionamento,