ID da Pergunta,Pergunta,Opção de Resposta,Rua Padre Prudêncio,Rua Campos Sales,Rua 7 de Setembro,Avenida Portugal,Total de Votos (Todas)
1,1. VOCÊ ESTÁ AQUI COMO?,COMPRADOR,53,57,68,48,226
1,1. VOCÊ ESTÁ AQUI COMO?,FUNCIONÁRIO,4,5,5,6,20
1,1. VOCÊ ESTÁ AQUI COMO?,LOJISTA,4,6,0,2,12
1,1. VOCÊ ESTÁ AQUI COMO?,AMBULANTE,0,3,5,2,10
1,1. VOCÊ ESTÁ AQUI COMO?,PASSANDO,20,14,12,11,57
2,2. QUAL SUA FAIXA ETÁRIA?,ATÉ 17,10,4,8,4,26
2,2. QUAL SUA FAIXA ETÁRIA?,18 A 24,8,16,13,7,44
2,2. QUAL SUA FAIXA ETÁRIA?,25 A 34,16,18,15,10,59
2,2. QUAL SUA FAIXA ETÁRIA?,35 A 44,16,13,17,9,55
2,2. QUAL SUA FAIXA ETÁRIA?,45 A 59,18,22,19,20,79
2,2. QUAL SUA FAIXA ETÁRIA?,60 OU MAIS,14,11,19,19,63
3,3. COMO VOCÊ CHEGOU AQUI?,A PÉ,10,5,13,3,31
3,3. COMO VOCÊ CHEGOU AQUI?,ÔNIBUS,26,31,26,29,112
3,3. COMO VOCÊ CHEGOU AQUI?,BICICLETA / PATINETE,1,0,0,2,3
3,3. COMO VOCÊ CHEGOU AQUI?,MOTO / CARRO,32,35,39,30,136
3,3. COMO VOCÊ CHEGOU AQUI?,APP / TÁXI,11,14,11,6,42
3,3. COMO VOCÊ CHEGOU AQUI?,BARCO,0,0,2,0,2
4,4. COMO É CAMINHAR AQUI?,MUITO RUIM,34,28,43,31,136
4,4. COMO É CAMINHAR AQUI?,RUIM,17,18,21,15,71
4,4. COMO É CAMINHAR AQUI?,REGULAR,23,24,22,17,86
4,4. COMO É CAMINHAR AQUI?,BOM,3,9,4,3,19
4,4. COMO É CAMINHAR AQUI?,MUITO BOM,0,4,0,2,6
5,"5. PENSANDO NOS CARROS E MOTOS, COMO É CAMINHAR AQUI?",MUITO INSEGURO,34,39,60,37,170
5,"5. PENSANDO NOS CARROS E MOTOS, COMO É CAMINHAR AQUI?",INSEGURO,35,31,21,18,105
5,"5. PENSANDO NOS CARROS E MOTOS, COMO É CAMINHAR AQUI?",REGULAR,9,9,10,9,37
5,"5. PENSANDO NOS CARROS E MOTOS, COMO É CAMINHAR AQUI?",SEGURO,1,3,0,1,5
5,"5. PENSANDO NOS CARROS E MOTOS, COMO É CAMINHAR AQUI?",MUITO SEGURO,0,0,0,2,2
6,6. O QUE MAIS ATRAPALHA AQUI?,CARROS E MOTOS,10,20,34,14,78
6,6. O QUE MAIS ATRAPALHA AQUI?,FALTA DE ESTACIONAMENTO,5,6,1,7,19
6,6. O QUE MAIS ATRAPALHA AQUI?,CALÇADAS,41,16,16,21,94
6,6. O QUE MAIS ATRAPALHA AQUI?,CALOR / FALTA DE SOMBRA,4,4,10,0,18
6,6. O QUE MAIS ATRAPALHA AQUI?,FALTA DE ESPAÇO,7,9,11,7,34
6,6. O QUE MAIS ATRAPALHA AQUI?,DESORGANIZAÇÃO,13,31,26,21,91
7,7. O QUE DEVERIA MELHORAR PRIMEIRO?,CALÇADAS,31,21,22,17,91
7,7. O QUE DEVERIA MELHORAR PRIMEIRO?,MAIS SOMBRA E CONFORTO,2,2,4,2,10
7,7. O QUE DEVERIA MELHORAR PRIMEIRO?,MENOS CARROS E MOTOS,12,9,15,6,42
7,7. O QUE DEVERIA MELHORAR PRIMEIRO?,MAIS ESTACIONAMENTO,2,1,3,2,8
7,7. O QUE DEVERIA MELHORAR PRIMEIRO?,MAIS ESPAÇO PARA PEDESTRES,13,10,38,10,71
7,7. O QUE DEVERIA MELHORAR PRIMEIRO?,MELHOR TRANSPORTE PÚBLICO,0,1,0,0,1
7,7. O QUE DEVERIA MELHORAR PRIMEIRO?,ORGANIZAÇÃO DO COMÉRCIO,18,41,10,31,100
8,8. COMO VOCÊ PREFERE A CIRCULAÇÃO DE VEÍCULOS?,COMO ESTÁ HOJE,2,3,1,3,9
8,8. COMO VOCÊ PREFERE A CIRCULAÇÃO DE VEÍCULOS?,MENOS CARROS E MOTOS,7,16,9,4,36
8,8. COMO VOCÊ PREFERE A CIRCULAÇÃO DE VEÍCULOS?,ACESSO CONTROLADO,29,27,14,29,99
8,8. COMO VOCÊ PREFERE A CIRCULAÇÃO DE VEÍCULOS?,SEM CARROS E MOTOS,41,38,67,34,180
,,,,,,,2595