Local da Pesquisa,ID da Pergunta,Pergunta,Opção de Resposta,Quantidade de Votos,
Rua Padre Prudêncio,1,1. VOCÊ ESTÁ AQUI COMO?,COMPRADOR,53,
Rua Padre Prudêncio,1,1. VOCÊ ESTÁ AQUI COMO?,FUNCIONÁRIO,4,
Rua Padre Prudêncio,1,1. VOCÊ ESTÁ AQUI COMO?,LOJISTA,4,
Rua Padre Prudêncio,1,1. VOCÊ ESTÁ AQUI COMO?,AMBULANTE,0,
Rua Padre Prudêncio,1,1. VOCÊ ESTÁ AQUI COMO?,PASSANDO,20,81
Rua Padre Prudêncio,2,2. QUAL SUA FAIXA ETÁRIA?,ATÉ 17,10,
Rua Padre Prudêncio,2,2. QUAL SUA FAIXA ETÁRIA?,18 A 24,8,
Rua Padre Prudêncio,2,2. QUAL SUA FAIXA ETÁRIA?,25 A 34,16,
Rua Padre Prudêncio,2,2. QUAL SUA FAIXA ETÁRIA?,35 A 44,16,
Rua Padre Prudêncio,2,2. QUAL SUA FAIXA ETÁRIA?,45 A 59,18,
Rua Padre Prudêncio,2,2. QUAL SUA FAIXA ETÁRIA?,60 OU MAIS,14,
Rua Padre Prudêncio,3,3. COMO VOCÊ CHEGOU AQUI?,A PÉ,10,
Rua Padre Prudêncio,3,3. COMO VOCÊ CHEGOU AQUI?,ÔNIBUS,26,
Rua Padre Prudêncio,3,3. COMO VOCÊ CHEGOU AQUI?,BICICLETA / PATINETE,1,
Rua Padre Prudêncio,3,3. COMO VOCÊ CHEGOU AQUI?,MOTO / CARRO,32,
Rua Padre Prudêncio,3,3. COMO VOCÊ CHEGOU AQUI?,APP / TÁXI,11,
Rua Padre Prudêncio,3,3. COMO VOCÊ CHEGOU AQUI?,BARCO,0,
Rua Padre Prudêncio,4,4. COMO É CAMINHAR AQUI?,MUITO RUIM,34,
Rua Padre Prudêncio,4,4. COMO É CAMINHAR AQUI?,RUIM,17,
Rua Padre Prudêncio,4,4. COMO É CAMINHAR AQUI?,REGULAR,23,
Rua Padre Prudêncio,4,4. COMO É CAMINHAR AQUI?,BOM,3,
Rua Padre Prudêncio,4,4. COMO É CAMINHAR AQUI?,MUITO BOM,0,
Rua Padre Prudêncio,5,"5. PENSANDO NOS CARROS E MOTOS, COMO É CAMINHAR AQUI?",MUITO INSEGURO,34,
Rua Padre Prudêncio,5,"5. PENSANDO NOS CARROS E MOTOS, COMO É CAMINHAR AQUI?",INSEGURO,35,
Rua Padre Prudêncio,5,"5. PENSANDO NOS CARROS E MOTOS, COMO É CAMINHAR AQUI?",REGULAR,9,
Rua Padre Prudêncio,5,"5. PENSANDO NOS CARROS E MOTOS, COMO É CAMINHAR AQUI?",SEGURO,1,
Rua Padre Prudêncio,5,"5. PENSANDO NOS CARROS E MOTOS, COMO É CAMINHAR AQUI?",MUITO SEGURO,0,
Rua Padre Prudêncio,6,6. O QUE MAIS ATRAPALHA AQUI?,CARROS E MOTOS,10,
Rua Padre Prudêncio,6,6. O QUE MAIS ATRAPALHA AQUI?,FALTA DE ESTACIONAMENTO,5,
Rua Padre Prudêncio,6,6. O QUE MAIS ATRAPALHA AQUI?,CALÇADAS,41,
Rua Padre Prudêncio,6,6. O QUE MAIS ATRAPALHA AQUI?,CALOR / FALTA DE SOMBRA,4,
Rua Padre Prudêncio,6,6. O QUE MAIS ATRAPALHA AQUI?,FALTA DE ESPAÇO,7,
Rua Padre Prudêncio,6,6. O QUE MAIS ATRAPALHA AQUI?,DESORGANIZAÇÃO,13,
Rua Padre Prudêncio,7,7. O QUE DEVERIA MELHORAR PRIMEIRO?,CALÇADAS,31,
Rua Padre Prudêncio,7,7. O QUE DEVERIA MELHORAR PRIMEIRO?,MAIS SOMBRA E CONFORTO,2,
Rua Padre Prudêncio,7,7. O QUE DEVERIA MELHORAR PRIMEIRO?,MENOS CARROS E MOTOS,12,
Rua Padre Prudêncio,7,7. O QUE DEVERIA MELHORAR PRIMEIRO?,MAIS ESTACIONAMENTO,2,
Rua Padre Prudêncio,7,7. O QUE DEVERIA MELHORAR PRIMEIRO?,MAIS ESPAÇO PARA PEDESTRES,13,
Rua Padre Prudêncio,7,7. O QUE DEVERIA MELHORAR PRIMEIRO?,MELHOR TRANSPORTE PÚBLICO,0,
Rua Padre Prudêncio,7,7. O QUE DEVERIA MELHORAR PRIMEIRO?,ORGANIZAÇÃO DO COMÉRCIO,18,
Rua Padre Prudêncio,8,8. COMO VOCÊ PREFERE A CIRCULAÇÃO DE VEÍCULOS?,COMO ESTÁ HOJE,2,
Rua Padre Prudêncio,8,8. COMO VOCÊ PREFERE A CIRCULAÇÃO DE VEÍCULOS?,MENOS CARROS E MOTOS,7,
Rua Padre Prudêncio,8,8. COMO VOCÊ PREFERE A CIRCULAÇÃO DE VEÍCULOS?,ACESSO CONTROLADO,29,
Rua Padre Prudêncio,8,8. COMO VOCÊ PREFERE A CIRCULAÇÃO DE VEÍCULOS?,SEM CARROS E MOTOS,41,
Rua Campos Sales,1,1. VOCÊ ESTÁ AQUI COMO?,COMPRADOR,57,
Rua Campos Sales,1,1. VOCÊ ESTÁ AQUI COMO?,FUNCIONÁRIO,5,
Rua Campos Sales,1,1. VOCÊ ESTÁ AQUI COMO?,LOJISTA,6,
Rua Campos Sales,1,1. VOCÊ ESTÁ AQUI COMO?,AMBULANTE,3,
Rua Campos Sales,1,1. VOCÊ ESTÁ AQUI COMO?,PASSANDO,14,85
Rua Campos Sales,2,2. QUAL SUA FAIXA ETÁRIA?,ATÉ 17,4,
Rua Campos Sales,2,2. QUAL SUA FAIXA ETÁRIA?,18 A 24,16,
Rua Campos Sales,2,2. QUAL SUA FAIXA ETÁRIA?,25 A 34,18,
Rua Campos Sales,2,2. QUAL SUA FAIXA ETÁRIA?,35 A 44,13,
Rua Campos Sales,2,2. QUAL SUA FAIXA ETÁRIA?,45 A 59,22,
Rua Campos Sales,2,2. QUAL SUA FAIXA ETÁRIA?,60 OU MAIS,11,
Rua Campos Sales,3,3. COMO VOCÊ CHEGOU AQUI?,A PÉ,5,
Rua Campos Sales,3,3. COMO VOCÊ CHEGOU AQUI?,ÔNIBUS,31,
Rua Campos Sales,3,3. COMO VOCÊ CHEGOU AQUI?,BICICLETA / PATINETE,0,
Rua Campos Sales,3,3. COMO VOCÊ CHEGOU AQUI?,MOTO / CARRO,35,
Rua Campos Sales,3,3. COMO VOCÊ CHEGOU AQUI?,APP / TÁXI,14,
Rua Campos Sales,3,3. COMO VOCÊ CHEGOU AQUI?,BARCO,0,
Rua Campos Sales,4,4. COMO É CAMINHAR AQUI?,MUITO RUIM,28,
Rua Campos Sales,4,4. COMO É CAMINHAR AQUI?,RUIM,18,
Rua Campos Sales,4,4. COMO É CAMINHAR AQUI?,REGULAR,24,
Rua Campos Sales,4,4. COMO É CAMINHAR AQUI?,BOM,9,
Rua Campos Sales,4,4. COMO É CAMINHAR AQUI?,MUITO BOM,4,
Rua Campos Sales,5,"5. PENSANDO NOS CARROS E MOTOS, COMO É CAMINHAR AQUI?",MUITO INSEGURO,39,
Rua Campos Sales,5,"5. PENSANDO NOS CARROS E MOTOS, COMO É CAMINHAR AQUI?",INSEGURO,31,
Rua Campos Sales,5,"5. PENSANDO NOS CARROS E MOTOS, COMO É CAMINHAR AQUI?",REGULAR,9,
Rua Campos Sales,5,"5. PENSANDO NOS CARROS E MOTOS, COMO É CAMINHAR AQUI?",SEGURO,3,
Rua Campos Sales,5,"5. PENSANDO NOS CARROS E MOTOS, COMO É CAMINHAR AQUI?",MUITO SEGURO,0,
Rua Campos Sales,6,6. O QUE MAIS ATRAPALHA AQUI?,CARROS E MOTOS,20,
Rua Campos Sales,6,6. O QUE MAIS ATRAPALHA AQUI?,FALTA DE ESTACIONAMENTO,6,
Rua Campos Sales,6,6. O QUE MAIS ATRAPALHA AQUI?,CALÇADAS,16,
Rua Campos Sales,6,6. O QUE MAIS ATRAPALHA AQUI?,CALOR / FALTA DE SOMBRA,4,
Rua Campos Sales,6,6. O QUE MAIS ATRAPALHA AQUI?,FALTA DE ESPAÇO,9,
Rua Campos Sales,6,6. O QUE MAIS ATRAPALHA AQUI?,DESORGANIZAÇÃO,31,
Rua Campos Sales,7,7. O QUE DEVERIA MELHORAR PRIMEIRO?,CALÇADAS,21,
Rua Campos Sales,7,7. O QUE DEVERIA MELHORAR PRIMEIRO?,MAIS SOMBRA E CONFORTO,2,
Rua Campos Sales,7,7. O QUE DEVERIA MELHORAR PRIMEIRO?,MENOS CARROS E MOTOS,9,
Rua Campos Sales,7,7. O QUE DEVERIA MELHORAR PRIMEIRO?,MAIS ESTACIONAMENTO,1,
Rua Campos Sales,7,7. O QUE DEVERIA MELHORAR PRIMEIRO?,MAIS ESPAÇO PARA PEDESTRES,10,
Rua Campos Sales,7,7. O QUE DEVERIA MELHORAR PRIMEIRO?,MELHOR TRANSPORTE PÚBLICO,1,
Rua Campos Sales,7,7. O QUE DEVERIA MELHORAR PRIMEIRO?,ORGANIZAÇÃO DO COMÉRCIO,41,
Rua Campos Sales,8,8. COMO VOCÊ PREFERE A CIRCULAÇÃO DE VEÍCULOS?,COMO ESTÁ HOJE,3,
Rua Campos Sales,8,8. COMO VOCÊ PREFERE A CIRCULAÇÃO DE VEÍCULOS?,MENOS CARROS E MOTOS,16,
Rua Campos Sales,8,8. COMO VOCÊ PREFERE A CIRCULAÇÃO DE VEÍCULOS?,ACESSO CONTROLADO,27,
Rua Campos Sales,8,8. COMO VOCÊ PREFERE A CIRCULAÇÃO DE VEÍCULOS?,SEM CARROS E MOTOS,38,
Rua 7 de Setembro,1,1. VOCÊ ESTÁ AQUI COMO?,COMPRADOR,68,
Rua 7 de Setembro,1,1. VOCÊ ESTÁ AQUI COMO?,FUNCIONÁRIO,5,
Rua 7 de Setembro,1,1. VOCÊ ESTÁ AQUI COMO?,LOJISTA,0,
Rua 7 de Setembro,1,1. VOCÊ ESTÁ AQUI COMO?,AMBULANTE,5,
Rua 7 de Setembro,1,1. VOCÊ ESTÁ AQUI COMO?,PASSANDO,12,90
Rua 7 de Setembro,2,2. QUAL SUA FAIXA ETÁRIA?,ATÉ 17,8,
Rua 7 de Setembro,2,2. QUAL SUA FAIXA ETÁRIA?,18 A 24,13,
Rua 7 de Setembro,2,2. QUAL SUA FAIXA ETÁRIA?,25 A 34,15,
Rua 7 de Setembro,2,2. QUAL SUA FAIXA ETÁRIA?,35 A 44,17,
Rua 7 de Setembro,2,2. QUAL SUA FAIXA ETÁRIA?,45 A 59,19,
Rua 7 de Setembro,2,2. QUAL SUA FAIXA ETÁRIA?,60 OU MAIS,19,
Rua 7 de Setembro,3,3. COMO VOCÊ CHEGOU AQUI?,A PÉ,13,
Rua 7 de Setembro,3,3. COMO VOCÊ CHEGOU AQUI?,ÔNIBUS,26,
Rua 7 de Setembro,3,3. COMO VOCÊ CHEGOU AQUI?,BICICLETA / PATINETE,0,
Rua 7 de Setembro,3,3. COMO VOCÊ CHEGOU AQUI?,MOTO / CARRO,39,
Rua 7 de Setembro,3,3. COMO VOCÊ CHEGOU AQUI?,APP / TÁXI,11,
Rua 7 de Setembro,3,3. COMO VOCÊ CHEGOU AQUI?,BARCO,2,
Rua 7 de Setembro,4,4. COMO É CAMINHAR AQUI?,MUITO RUIM,43,
Rua 7 de Setembro,4,4. COMO É CAMINHAR AQUI?,RUIM,21,
Rua 7 de Setembro,4,4. COMO É CAMINHAR AQUI?,REGULAR,22,
Rua 7 de Setembro,4,4. COMO É CAMINHAR AQUI?,BOM,4,
Rua 7 de Setembro,4,4. COMO É CAMINHAR AQUI?,MUITO BOM,0,
Rua 7 de Setembro,5,"5. PENSANDO NOS CARROS E MOTOS, COMO É CAMINHAR AQUI?",MUITO INSEGURO,60,
Rua 7 de Setembro,5,"5. PENSANDO NOS CARROS E MOTOS, COMO É CAMINHAR AQUI?",INSEGURO,21,
Rua 7 de Setembro,5,"5. PENSANDO NOS CARROS E MOTOS, COMO É CAMINHAR AQUI?",REGULAR,10,
Rua 7 de Setembro,5,"5. PENSANDO NOS CARROS E MOTOS, COMO É CAMINHAR AQUI?",SEGURO,0,
Rua 7 de Setembro,5,"5. PENSANDO NOS CARROS E MOTOS, COMO É CAMINHAR AQUI?",MUITO SEGURO,0,
Rua 7 de Setembro,6,6. O QUE MAIS ATRAPALHA AQUI?,CARROS E MOTOS,34,
Rua 7 de Setembro,6,6. O QUE MAIS ATRAPALHA AQUI?,FALTA DE ESTACIONAMENTO,1,
Rua 7 de Setembro,6,6. O QUE MAIS ATRAPALHA AQUI?,CALÇADAS,16,
Rua 7 de Setembro,6,6. O QUE MAIS ATRAPALHA AQUI?,CALOR / FALTA DE SOMBRA,10,
Rua 7 de Setembro,6,6. O QUE MAIS ATRAPALHA AQUI?,FALTA DE ESPAÇO,11,
Rua 7 de Setembro,6,6. O QUE MAIS ATRAPALHA AQUI?,DESORGANIZAÇÃO,26,
Rua 7 de Setembro,7,7. O QUE DEVERIA MELHORAR PRIMEIRO?,CALÇADAS,22,
Rua 7 de Setembro,7,7. O QUE DEVERIA MELHORAR PRIMEIRO?,MAIS SOMBRA E CONFORTO,4,
Rua 7 de Setembro,7,7. O QUE DEVERIA MELHORAR PRIMEIRO?,MENOS CARROS E MOTOS,15,
Rua 7 de Setembro,7,7. O QUE DEVERIA MELHORAR PRIMEIRO?,MAIS ESTACIONAMENTO,3,
Rua 7 de Setembro,7,7. O QUE DEVERIA MELHORAR PRIMEIRO?,MAIS ESPAÇO PARA PEDESTRES,38,
Rua 7 de Setembro,7,7. O QUE DEVERIA MELHORAR PRIMEIRO?,MELHOR TRANSPORTE PÚBLICO,0,
Rua 7 de Setembro,7,7. O QUE DEVERIA MELHORAR PRIMEIRO?,ORGANIZAÇÃO DO COMÉRCIO,10,
Rua 7 de Setembro,8,8. COMO VOCÊ PREFERE A CIRCULAÇÃO DE VEÍCULOS?,COMO ESTÁ HOJE,1,
Rua 7 de Setembro,8,8. COMO VOCÊ PREFERE A CIRCULAÇÃO DE VEÍCULOS?,MENOS CARROS E MOTOS,9,
Rua 7 de Setembro,8,8. COMO VOCÊ PREFERE A CIRCULAÇÃO DE VEÍCULOS?,ACESSO CONTROLADO,14,
Rua 7 de Setembro,8,8. COMO VOCÊ PREFERE A CIRCULAÇÃO DE VEÍCULOS?,SEM CARROS E MOTOS,67,
Avenida Portugal,1,1. VOCÊ ESTÁ AQUI COMO?,COMPRADOR,48,
Avenida Portugal,1,1. VOCÊ ESTÁ AQUI COMO?,FUNCIONÁRIO,6,
Avenida Portugal,1,1. VOCÊ ESTÁ AQUI COMO?,LOJISTA,2,
Avenida Portugal,1,1. VOCÊ ESTÁ AQUI COMO?,AMBULANTE,2,
Avenida Portugal,1,1. VOCÊ ESTÁ AQUI COMO?,PASSANDO,11,69
Avenida Portugal,2,2. QUAL SUA FAIXA ETÁRIA?,ATÉ 17,4,
Avenida Portugal,2,2. QUAL SUA FAIXA ETÁRIA?,18 A 24,7,
Avenida Portugal,2,2. QUAL SUA FAIXA ETÁRIA?,25 A 34,10,
Avenida Portugal,2,2. QUAL SUA FAIXA ETÁRIA?,35 A 44,9,
Avenida Portugal,2,2. QUAL SUA FAIXA ETÁRIA?,45 A 59,20,
Avenida Portugal,2,2. QUAL SUA FAIXA ETÁRIA?,60 OU MAIS,19,
Avenida Portugal,3,3. COMO VOCÊ CHEGOU AQUI?,A PÉ,3,
Avenida Portugal,3,3. COMO VOCÊ CHEGOU AQUI?,ÔNIBUS,29,
Avenida Portugal,3,3. COMO VOCÊ CHEGOU AQUI?,BICICLETA / PATINETE,2,
Avenida Portugal,3,3. COMO VOCÊ CHEGOU AQUI?,MOTO / CARRO,30,
Avenida Portugal,3,3. COMO VOCÊ CHEGOU AQUI?,APP / TÁXI,6,
Avenida Portugal,3,3. COMO VOCÊ CHEGOU AQUI?,BARCO,0,
Avenida Portugal,4,4. COMO É CAMINHAR AQUI?,MUITO RUIM,31,
Avenida Portugal,4,4. COMO É CAMINHAR AQUI?,RUIM,15,
Avenida Portugal,4,4. COMO É CAMINHAR AQUI?,REGULAR,17,
Avenida Portugal,4,4. COMO É CAMINHAR AQUI?,BOM,3,
Avenida Portugal,4,4. COMO É CAMINHAR AQUI?,MUITO BOM,2,
Avenida Portugal,5,"5. PENSANDO NOS CARROS E MOTOS, COMO É CAMINHAR AQUI?",MUITO INSEGURO,37,
Avenida Portugal,5,"5. PENSANDO NOS CARROS E MOTOS, COMO É CAMINHAR AQUI?",INSEGURO,18,
Avenida Portugal,5,"5. PENSANDO NOS CARROS E MOTOS, COMO É CAMINHAR AQUI?",REGULAR,9,
Avenida Portugal,5,"5. PENSANDO NOS CARROS E MOTOS, COMO É CAMINHAR AQUI?",SEGURO,1,
Avenida Portugal,5,"5. PENSANDO NOS CARROS E MOTOS, COMO É CAMINHAR AQUI?",MUITO SEGURO,2,
Avenida Portugal,6,6. O QUE MAIS ATRAPALHA AQUI?,CARROS E MOTOS,14,
Avenida Portugal,6,6. O QUE MAIS ATRAPALHA AQUI?,FALTA DE ESTACIONAMENTO,7,
Avenida Portugal,6,6. O QUE MAIS ATRAPALHA AQUI?,CALÇADAS,21,
Avenida Portugal,6,6. O QUE MAIS ATRAPALHA AQUI?,CALOR / FALTA DE SOMBRA,0,
Avenida Portugal,6,6. O QUE MAIS ATRAPALHA AQUI?,FALTA DE ESPAÇO,7,
Avenida Portugal,6,6. O QUE MAIS ATRAPALHA AQUI?,DESORGANIZAÇÃO,21,
Avenida Portugal,7,7. O QUE DEVERIA MELHORAR PRIMEIRO?,CALÇADAS,17,
Avenida Portugal,7,7. O QUE DEVERIA MELHORAR PRIMEIRO?,MAIS SOMBRA E CONFORTO,2,
Avenida Portugal,7,7. O QUE DEVERIA MELHORAR PRIMEIRO?,MENOS CARROS E MOTOS,6,
Avenida Portugal,7,7. O QUE DEVERIA MELHORAR PRIMEIRO?,MAIS ESTACIONAMENTO,2,
Avenida Portugal,7,7. O QUE DEVERIA MELHORAR PRIMEIRO?,MAIS ESPAÇO PARA PEDESTRES,10,
Avenida Portugal,7,7. O QUE DEVERIA MELHORAR PRIMEIRO?,MELHOR TRANSPORTE PÚBLICO,0,
Avenida Portugal,7,7. O QUE DEVERIA MELHORAR PRIMEIRO?,ORGANIZAÇÃO DO COMÉRCIO,31,
Avenida Portugal,8,8. COMO VOCÊ PREFERE A CIRCULAÇÃO DE VEÍCULOS?,COMO ESTÁ HOJE,3,
Avenida Portugal,8,8. COMO VOCÊ PREFERE A CIRCULAÇÃO DE VEÍCULOS?,MENOS CARROS E MOTOS,4,
Avenida Portugal,8,8. COMO VOCÊ PREFERE A CIRCULAÇÃO DE VEÍCULOS?,ACESSO CONTROLADO,29,
Avenida Portugal,8,8. COMO VOCÊ PREFERE A CIRCULAÇÃO DE VEÍCULOS?,SEM CARROS E MOTOS,34,
,,,TOTAL,2595,325